cluster,diabetes
-1,0.1768737241178186
0,0.04678548695098663
