cluster_dbscan,Diabetes_012,HighBP,HighChol,CholCheck,BMI,Smoker,Stroke,HeartDiseaseorAttack,PhysActivity,Fruits,Veggies,HvyAlcoholConsump,AnyHealthcare,NoDocbcCost,GenHlth,MentHlth,PhysHlth,DiffWalk,Sex,Age,Education,Income
-1,0.3743073782443861,0.5071449402158064,0.4806065908428113,0.9568387284922718,29.48221055701371,0.5164771070282881,0.05847185768445611,0.13298337707786526,0.6657917760279966,0.5627004957713619,0.7454068241469817,0.06984543598716828,0.931612715077282,0.12131816856226305,2.8339165937591133,4.42023913677457,5.954214056576261,0.24234470691163604,0.44065325167687375,8.234470691163605,4.748031496062992,5.427529892096821
0,0.10598345003182687,0.2555697008274984,0.2982176957352005,0.9767663908338637,26.1995544239338,0.28930617441120304,0.004774029280712922,0.010184595798854232,0.9627625716104392,0.8026734563971992,0.9484404837683005,0.02928071292170592,0.9933163590070019,0.011775938892425206,1.8080840229153405,0.4872692552514322,0.5286441756842776,0.003500954805856143,0.4633991088478676,7.5439210693825585,5.706874602164227,7.493316359007002
