cluster_kmeans,Diabetes_012,HighBP,HighChol,CholCheck,BMI,Smoker,Stroke,HeartDiseaseorAttack,PhysActivity,Fruits,Veggies,HvyAlcoholConsump,AnyHealthcare,NoDocbcCost,GenHlth,MentHlth,PhysHlth,DiffWalk,Sex,Age,Education,Income
0,0.588024381498745,0.6392972391538185,0.5582646109716745,0.9738257439942631,31.029401219074938,0.5618501254930083,0.09645034062387953,0.2068841878809609,0.5618501254930083,0.5553961993546074,0.7275008963786304,0.04159196844747221,0.9236285406955899,0.18321979204015776,3.607744711366081,7.888490498386519,12.617425600573682,0.46647543922552887,0.372534958766583,8.904266762280388,4.355324489064181,4.084259591251344
1,0.17473304673415616,0.34641519900152545,0.37109970877825543,0.958951601719595,27.4534738593815,0.39994452919151297,0.020385522118984884,0.050894466786853415,0.8353903758147275,0.6700873665233671,0.8407987796422133,0.06309804465400083,0.9615864651227292,0.04964637359589516,2.0876438774095134,1.3651365968658993,1.013035639994453,0.05158785189294134,0.4769102759672722,7.67452503120233,5.317709055609486,6.847177922618222
