cluster,diabetes
0,0.2793115812119039
1,0.08057134932741644
